<keymap version="1" name="Mac OS X 10.5+ copy" parent="Mac OS X 10.5+">
  <action id="ActivateTerminalToolWindow">
    <keyboard-shortcut first-keystroke="alt f12" />
    <keyboard-shortcut first-keystroke="shift ctrl back_quote" />
  </action>
  <action id="Annotate">
    <keyboard-shortcut first-keystroke="shift meta alt h" />
  </action>
  <action id="Compare.Selected">
    <keyboard-shortcut first-keystroke="alt h" />
    <keyboard-shortcut first-keystroke="shift alt h" />
  </action>
  <action id="Console.Execute" />
  <action id="DirDiffMenu.SynchronizeDiff" />
  <action id="EditorBackwardParagraph">
    <keyboard-shortcut first-keystroke="alt up" />
  </action>
  <action id="EditorDuplicate" />
  <action id="EditorForwardParagraph">
    <keyboard-shortcut first-keystroke="alt down" />
  </action>
  <action id="EditorIndentSelection">
    <keyboard-shortcut first-keystroke="meta close_bracket" />
  </action>
  <action id="EditorNextWordInDifferentHumpsMode">
    <keyboard-shortcut first-keystroke="alt right" />
  </action>
  <action id="EditorNextWordInDifferentHumpsModeWithSelection">
    <keyboard-shortcut first-keystroke="shift alt right" />
  </action>
  <action id="EditorPreviousWordInDifferentHumpsMode">
    <keyboard-shortcut first-keystroke="alt left" />
  </action>
  <action id="EditorPreviousWordInDifferentHumpsModeWithSelection">
    <keyboard-shortcut first-keystroke="shift alt left" />
  </action>
  <action id="EditorSelectWord">
    <keyboard-shortcut first-keystroke="shift alt up" />
    <keyboard-shortcut first-keystroke="ctrl alt up" />
  </action>
  <action id="EditorUnSelectWord">
    <keyboard-shortcut first-keystroke="shift alt down" />
    <keyboard-shortcut first-keystroke="ctrl alt down" />
  </action>
  <action id="EditorUnindentSelection">
    <keyboard-shortcut first-keystroke="shift tab" />
    <keyboard-shortcut first-keystroke="meta open_bracket" />
  </action>
  <action id="FileChooser.TogglePathShowing" />
  <action id="Forward">
    <keyboard-shortcut first-keystroke="meta alt right" />
    <mouse-shortcut keystroke="button5" />
  </action>
  <action id="GotoFile">
    <keyboard-shortcut first-keystroke="shift meta o" />
    <keyboard-shortcut first-keystroke="meta p" />
  </action>
  <action id="GotoRelated" />
  <action id="Images.Thumbnails.EnterAction" />
  <action id="InspectCode">
    <keyboard-shortcut first-keystroke="ctrl meta c" />
  </action>
  <action id="MoveLineDown">
    <keyboard-shortcut first-keystroke="ctrl meta down" />
  </action>
  <action id="MoveLineUp">
    <keyboard-shortcut first-keystroke="ctrl meta up" />
  </action>
  <action id="NextTemplateVariable">
    <keyboard-shortcut first-keystroke="enter" />
  </action>
  <action id="ParameterInfo" />
  <action id="PopupHector" />
  <action id="SwitchApply">
    <keyboard-shortcut first-keystroke="ctrl alt enter" />
  </action>
  <action id="SwitchDown">
    <keyboard-shortcut first-keystroke="ctrl alt down" />
  </action>
  <action id="SwitchLeft">
    <keyboard-shortcut first-keystroke="ctrl alt left" />
  </action>
  <action id="SwitchRight">
    <keyboard-shortcut first-keystroke="ctrl alt right" />
  </action>
  <action id="SwitchUp">
    <keyboard-shortcut first-keystroke="ctrl alt up" />
  </action>
  <action id="Vcs.ShowHistoryForBlock">
    <keyboard-shortcut first-keystroke="ctrl meta h" />
  </action>
  <action id="Vcs.ShowTabbedFileHistory">
    <keyboard-shortcut first-keystroke="meta alt h" />
  </action>
</keymap>